﻿Designator,Quantity,Value,Footprint,Package,MPN,DNP,Mount_Type,Description,MFR Part #
"C101, C201, C204, C210, C213, C222, C226, C227, C306, C309, C312, C315, C321, C324, C327",15,0.1uF,C_0402_1005Metric_Pad0.74x0.62mm_HandSolder,,,,smt,"Unpolarized capacitor, small symbol",
"C102, C202, C203, C211, C212, C220, C221, C304, C305, C307, C308, C310, C311, C313, C314, C319, C320, C322, C323, C325, C326",21,10uF,C_1206_3216Metric_Pad1.33x1.80mm_HandSolder,,,,smt,"Unpolarized capacitor, small symbol",
"C103, C302",2,2200uF,CP_Radial_D16.0mm_P7.50mm,,,,tht,"[C103]capacitor, small US symbol; [C302]capacitor, US symbol",
"C205, C206, C207, C214, C215, C216, C223, C224, C225",9,22uF,C_1210_3225Metric_Pad1.33x2.70mm_HandSolder,,,,smt,"Unpolarized capacitor, small symbol",
"C208, C217",2,150pF,C_0402_1005Metric_Pad0.74x0.62mm_HandSolder,,,,smt,"Unpolarized capacitor, small symbol",
"C209, C218",2,47nF,C_0603_1608Metric_Pad1.08x0.95mm_HandSolder,,,,smt,"Unpolarized capacitor, small symbol",
C219,1,33nF,C_0603_1608Metric_Pad1.08x0.95mm_HandSolder,,,,smt,"Unpolarized capacitor, small symbol",
"C301, C303",2,470uF,CP_Radial_D12.5mm_P5.00mm,,,,tht,"capacitor, US symbol",
"C316, C318",2,220uF,CP_Radial_D8.0mm_P3.50mm,,,,tht,"capacitor, US symbol",
C317,1,1000uF,CP_Radial_D10.0mm_P5.00mm,,,,tht,"capacitor, US symbol",
D101,1,5KP33A,D_P600_R-6_P20.00mm_Horizontal,,,,tht,"5000W unidirectional Transient Voltage Suppressor, P-600",
D301,1,1V5KE39CA,D_DO-201AE_P15.24mm_Horizontal,,,,tht,"1500W unidirectional TRANSZORB® Transient Voltage Suppressor, DO-201AE",
D302,1,1.5KE20CA,D_DO-201AE_P15.24mm_Horizontal,,,,tht,"1500W unidirectional TRANSZORB® Transient Voltage Suppressor, DO-201AE",
F101,1,3568,3568_KEY,,,,tht,,
"J101, J102, J103, J104, J105, J106, J107, J108, J109",9,Screw_Terminal_01x02,TerminalBlock_TE_282834-2_1x02_P2.54mm_Horizontal,,,,tht,"Generic screw terminal, single row, 01x02, script generated (kicad-library-utils/schlib/autogen/connector/)",282834-2
"J110, J111",2,282834-4,TerminalBlock_TE_282834-4_1x04_P2.54mm_Horizontal,,,,tht,"Generic screw terminal, single row, 01x04, script generated (kicad-library-utils/schlib/autogen/connector/)",282834-4
"L201, L202",2,5.6uH,IND_IHLP-6767DZ_VIS-M,,,,smt,"Inductor with iron core, small symbol",
L203,1,4.7uH,IND_SRP6530A_BRN-M,,,,smt,"Inductor with iron core, small symbol",
"R101, R109, R110, R111, R112, R113, R114, R115, R116, R305, R306, R307, R308, R312, R313, R314",16,68,R_0402_1005Metric_Pad0.72x0.64mm_HandSolder,,,,smt,"Resistor, small US symbol",
"R102, R103, R104, R105, R106, R107, R108",7,10K,R_0603_1608Metric_Pad0.98x0.95mm_HandSolder,,,,smt,"Resistor, small US symbol",
"R117, R118",2,150,R_0603_1608Metric_Pad0.98x0.95mm_HandSolder,,,,smt,"Resistor, small US symbol",
"R201, R208",2,169K,R_0603_1608Metric_Pad0.98x0.95mm_HandSolder,,,,smt,"Resistor, small US symbol",
"R202, R209, R219",3,49.9,R_0402_1005Metric_Pad0.72x0.64mm_HandSolder,,,,smt,"Resistor, small US symbol",
"R203, R210",2,100K,R_0603_1608Metric_Pad0.98x0.95mm_HandSolder,,,,smt,"Resistor, small US symbol",
"R204, R211",2,36.1K,R_0603_1608Metric_Pad0.98x0.95mm_HandSolder,,,,smt,"Resistor, small US symbol",
"R205, R212",2,383K,R_0603_1608Metric_Pad0.98x0.95mm_HandSolder,,,,smt,"Resistor, small US symbol",
"R206, R213",2,20K,R_0603_1608Metric_Pad0.98x0.95mm_HandSolder,,,,smt,"Resistor, small US symbol",
"R207, R214",2,52.3K,R_0603_1608Metric_Pad0.98x0.95mm_HandSolder,,,,smt,"Resistor, small US symbol",
R215,1,10.2K,R_0603_1608Metric_Pad0.98x0.95mm_HandSolder,,,,smt,"Resistor, small US symbol",
R216,1,88.7K,R_0603_1608Metric_Pad0.98x0.95mm_HandSolder,,,,smt,"Resistor, small US symbol",
R217,1,31.2K,R_0603_1608Metric_Pad0.98x0.95mm_HandSolder,,,,smt,"Resistor, small US symbol",
R218,1,511K,R_0603_1608Metric_Pad0.98x0.95mm_HandSolder,,,,smt,"Resistor, small US symbol",
"R301, R302, R303, R304, R309, R310, R311",7,100K,R_0402_1005Metric_Pad0.72x0.64mm_HandSolder,,,,smt,"Resistor, small US symbol",
U101,1,ESP32-S2-DevKitM,ESP32-S2-DevKitM,,,,tht,Devboard based on ESP32-S2-MINI,
U102,1,BATT,Battery Input,,,,tht,,
"U201, U202",2,TPS56A37RPAR,RPA0010A-MFG,,,,smt,,
U203,1,TPS62933DRLR,SOT-5X3-8_DRL_TEX,,,,smt,,
"U301, U302, U303, U304, U305, U306, U307",7,DRV8244SQRYJRQ1,RYJ0016A-MFG,,,,smt,,
