﻿pos_x,pos_y,rotation,side,designator,mpn,pack,footprint,value,mount_type
37.7425,-108.49,0.0,top,C101,,,C_0402_1005Metric_Pad0.74x0.62mm_HandSolder,0.1uF,smt
37.7975,-110.5,0.0,top,C102,,,C_1206_3216Metric_Pad1.33x1.80mm_HandSolder,10uF,smt
34.5,-121.5,0.0,top,C103,,,CP_Radial_D16.0mm_P7.50mm,2200uF,tht
56.320101,-91.1825,-90.0,top,C201,,,C_0402_1005Metric_Pad0.74x0.62mm_HandSolder,0.1uF,smt
49.320101,-93.5625,-90.0,top,C202,,,C_1206_3216Metric_Pad1.33x1.80mm_HandSolder,10uF,smt
46.820101,-93.5625,-90.0,top,C203,,,C_1206_3216Metric_Pad1.33x1.80mm_HandSolder,10uF,smt
51.320101,-93.5675,-90.0,top,C204,,,C_0402_1005Metric_Pad0.74x0.62mm_HandSolder,0.1uF,smt
87.120101,-95.6625,-90.0,top,C205,,,C_1210_3225Metric_Pad1.33x2.70mm_HandSolder,22uF,smt
82.870101,-95.6625,-90.0,top,C206,,,C_1210_3225Metric_Pad1.33x2.70mm_HandSolder,22uF,smt
78.620101,-95.6625,-90.0,top,C207,,,C_1210_3225Metric_Pad1.33x2.70mm_HandSolder,22uF,smt
55.357601,-99.22,180.0,top,C208,,,C_0402_1005Metric_Pad0.74x0.62mm_HandSolder,150pF,smt
58.820101,-96.3625,-90.0,top,C209,,,C_0603_1608Metric_Pad1.08x0.95mm_HandSolder,47nF,smt
30.0675,-54.0,0.0,top,C210,,,C_0402_1005Metric_Pad0.74x0.62mm_HandSolder,0.1uF,smt
32.5625,-60.5,0.0,top,C211,,,C_1206_3216Metric_Pad1.33x1.80mm_HandSolder,10uF,smt
32.5625,-63.0,0.0,top,C212,,,C_1206_3216Metric_Pad1.33x1.80mm_HandSolder,10uF,smt
32.5675,-58.5,0.0,top,C213,,,C_0402_1005Metric_Pad0.74x0.62mm_HandSolder,0.1uF,smt
33.6375,-26.4,0.0,top,C214,,,C_1210_3225Metric_Pad1.33x2.70mm_HandSolder,22uF,smt
33.6375,-29.6,0.0,top,C215,,,C_1210_3225Metric_Pad1.33x2.70mm_HandSolder,22uF,smt
33.6375,-32.8,0.0,top,C216,,,C_1210_3225Metric_Pad1.33x2.70mm_HandSolder,22uF,smt
38.8,-54.7325,-90.0,top,C217,,,C_0402_1005Metric_Pad0.74x0.62mm_HandSolder,150pF,smt
36.5625,-50.2,0.0,top,C218,,,C_0603_1608Metric_Pad1.08x0.95mm_HandSolder,47nF,smt
47.4668,-65.545,90.0,top,C219,,,C_0603_1608Metric_Pad1.08x0.95mm_HandSolder,33nF,smt
49.9293,-74.045,0.0,top,C220,,,C_1206_3216Metric_Pad1.33x1.80mm_HandSolder,10uF,smt
49.9293,-76.545,0.0,top,C221,,,C_1206_3216Metric_Pad1.33x1.80mm_HandSolder,10uF,smt
48.9343,-72.295,0.0,top,C222,,,C_0402_1005Metric_Pad0.74x0.62mm_HandSolder,0.1uF,smt
62.5,-70.5625,90.0,top,C223,,,C_1210_3225Metric_Pad1.33x2.70mm_HandSolder,22uF,smt
66.05,-70.5625,90.0,top,C224,,,C_1210_3225Metric_Pad1.33x2.70mm_HandSolder,22uF,smt
69.55,-70.5625,90.0,top,C225,,,C_1210_3225Metric_Pad1.33x2.70mm_HandSolder,22uF,smt
60.05,-69.4625,90.0,top,C226,,,C_0402_1005Metric_Pad0.74x0.62mm_HandSolder,0.1uF,smt
48.9343,-62.045,0.0,top,C227,,,C_0402_1005Metric_Pad0.74x0.62mm_HandSolder,0.1uF,smt
58.5,-143.5,-90.0,top,C301,,,CP_Radial_D12.5mm_P5.00mm,470uF,tht
99.0,-135.012755,90.0,top,C302,,,CP_Radial_D16.0mm_P7.50mm,2200uF,tht
139.0,-143.5,-90.0,top,C303,,,CP_Radial_D12.5mm_P5.00mm,470uF,tht
66.5,-145.0625,-90.0,top,C304,,,C_1206_3216Metric_Pad1.33x1.80mm_HandSolder,10uF,smt
79.0,-145.0625,-90.0,top,C305,,,C_1206_3216Metric_Pad1.33x1.80mm_HandSolder,10uF,smt
77.0,-144.5675,-90.0,top,C306,,,C_0402_1005Metric_Pad0.74x0.62mm_HandSolder,0.1uF,smt
83.5,-145.0625,-90.0,top,C307,,,C_1206_3216Metric_Pad1.33x1.80mm_HandSolder,10uF,smt
96.0,-145.0625,-90.0,top,C308,,,C_1206_3216Metric_Pad1.33x1.80mm_HandSolder,10uF,smt
85.5,-144.5675,-90.0,top,C309,,,C_0402_1005Metric_Pad0.74x0.62mm_HandSolder,0.1uF,smt
101.5,-145.0625,-90.0,top,C310,,,C_1206_3216Metric_Pad1.33x1.80mm_HandSolder,10uF,smt
114.0,-145.0625,-90.0,top,C311,,,C_1206_3216Metric_Pad1.33x1.80mm_HandSolder,10uF,smt
112.0,-144.5675,-90.0,top,C312,,,C_0402_1005Metric_Pad0.74x0.62mm_HandSolder,0.1uF,smt
118.5,-145.0625,-90.0,top,C313,,,C_1206_3216Metric_Pad1.33x1.80mm_HandSolder,10uF,smt
131.0,-145.0625,-90.0,top,C314,,,C_1206_3216Metric_Pad1.33x1.80mm_HandSolder,10uF,smt
120.5,-144.5675,-90.0,top,C315,,,C_0402_1005Metric_Pad0.74x0.62mm_HandSolder,0.1uF,smt
207.5,-143.0,-90.0,top,C316,,,CP_Radial_D8.0mm_P3.50mm,220uF,tht
187.5,-134.867677,90.0,top,C317,,,CP_Radial_D10.0mm_P5.00mm,1000uF,tht
150.5,-143.0,-90.0,top,C318,,,CP_Radial_D8.0mm_P3.50mm,220uF,tht
156.0,-144.5625,-90.0,top,C319,,,C_1206_3216Metric_Pad1.33x1.80mm_HandSolder,10uF,smt
168.0,-144.5625,-90.0,top,C320,,,C_1206_3216Metric_Pad1.33x1.80mm_HandSolder,10uF,smt
166.0,-143.5675,-90.0,top,C321,,,C_0402_1005Metric_Pad0.74x0.62mm_HandSolder,0.1uF,smt
173.0,-144.5625,-90.0,top,C322,,,C_1206_3216Metric_Pad1.33x1.80mm_HandSolder,10uF,smt
185.0,-144.5625,-90.0,top,C323,,,C_1206_3216Metric_Pad1.33x1.80mm_HandSolder,10uF,smt
175.0,-143.5675,-90.0,top,C324,,,C_0402_1005Metric_Pad0.74x0.62mm_HandSolder,0.1uF,smt
202.0,-144.5625,-90.0,top,C325,,,C_1206_3216Metric_Pad1.33x1.80mm_HandSolder,10uF,smt
190.0,-144.5625,-90.0,top,C326,,,C_1206_3216Metric_Pad1.33x1.80mm_HandSolder,10uF,smt
192.0,-143.5675,-90.0,top,C327,,,C_0402_1005Metric_Pad0.74x0.62mm_HandSolder,0.1uF,smt
48.487246,-137.0,180.0,top,D101,,,D_P600_R-6_P20.00mm_Horizontal,5KP33A,tht
81.0,-119.88,-90.0,top,D301,,,D_DO-201AE_P15.24mm_Horizontal,1V5KE39CA,tht
170.5,-119.76,-90.0,top,D302,,,D_DO-201AE_P15.24mm_Horizontal,1.5KE20CA,tht
18.7982,-149.5974,90.0,top,F101,,,3568_KEY,3568,tht
38.27,-17.1325,180.0,top,J101,,,TerminalBlock_TE_282834-2_1x02_P2.54mm_Horizontal,Screw_Terminal_01x02,tht
30.68,-17.1325,180.0,top,J102,,,TerminalBlock_TE_282834-2_1x02_P2.54mm_Horizontal,Screw_Terminal_01x02,tht
71.09,-157.5,0.0,top,J103,,,TerminalBlock_TE_282834-2_1x02_P2.54mm_Horizontal,Screw_Terminal_01x02,tht
88.59,-157.5,0.0,top,J104,,,TerminalBlock_TE_282834-2_1x02_P2.54mm_Horizontal,Screw_Terminal_01x02,tht
106.05,-157.5,0.0,top,J105,,,TerminalBlock_TE_282834-2_1x02_P2.54mm_Horizontal,Screw_Terminal_01x02,tht
123.59,-157.5,0.0,top,J106,,,TerminalBlock_TE_282834-2_1x02_P2.54mm_Horizontal,Screw_Terminal_01x02,tht
160.55,-157.0,0.0,top,J107,,,TerminalBlock_TE_282834-2_1x02_P2.54mm_Horizontal,Screw_Terminal_01x02,tht
177.55,-157.0,0.0,top,J108,,,TerminalBlock_TE_282834-2_1x02_P2.54mm_Horizontal,Screw_Terminal_01x02,tht
194.46,-157.0,0.0,top,J109,,,TerminalBlock_TE_282834-2_1x02_P2.54mm_Horizontal,Screw_Terminal_01x02,tht
117.855,-18.6325,180.0,top,J110,,,TerminalBlock_TE_282834-4_1x04_P2.54mm_Horizontal,282834-4,tht
105.815,-18.6325,180.0,top,J111,,,TerminalBlock_TE_282834-4_1x04_P2.54mm_Horizontal,282834-4,tht
67.0,-85.5,0.0,top,L201,,,IND_IHLP-6767DZ_VIS-M,5.6uH,smt
24.0,-43.820101,90.0,top,L202,,,IND_IHLP-6767DZ_VIS-M,5.6uH,smt
55.2084,-64.795,0.0,top,L203,,,IND_SRP6530A_BRN-M,4.7uH,smt
162.5,-31.0975,-90.0,top,R101,,,R_0402_1005Metric_Pad0.72x0.64mm_HandSolder,68,smt
132.4125,-20.0,180.0,top,R102,,,R_0603_1608Metric_Pad0.98x0.95mm_HandSolder,10K,smt
132.4125,-21.5,180.0,top,R103,,,R_0603_1608Metric_Pad0.98x0.95mm_HandSolder,10K,smt
132.4125,-22.99,180.0,top,R104,,,R_0603_1608Metric_Pad0.98x0.95mm_HandSolder,10K,smt
132.4125,-24.5,180.0,top,R105,,,R_0603_1608Metric_Pad0.98x0.95mm_HandSolder,10K,smt
132.4125,-26.0,180.0,top,R106,,,R_0603_1608Metric_Pad0.98x0.95mm_HandSolder,10K,smt
132.4125,-27.5,180.0,top,R107,,,R_0603_1608Metric_Pad0.98x0.95mm_HandSolder,10K,smt
132.4125,-29.0,180.0,top,R108,,,R_0603_1608Metric_Pad0.98x0.95mm_HandSolder,10K,smt
159.9,-29.5975,-90.0,top,R109,,,R_0402_1005Metric_Pad0.72x0.64mm_HandSolder,68,smt
157.3,-28.0975,-90.0,top,R110,,,R_0402_1005Metric_Pad0.72x0.64mm_HandSolder,68,smt
154.8,-26.5975,-90.0,top,R111,,,R_0402_1005Metric_Pad0.72x0.64mm_HandSolder,68,smt
152.25,-25.0975,-90.0,top,R112,,,R_0402_1005Metric_Pad0.72x0.64mm_HandSolder,68,smt
149.75,-23.5975,-90.0,top,R113,,,R_0402_1005Metric_Pad0.72x0.64mm_HandSolder,68,smt
147.0,-22.0975,-90.0,top,R114,,,R_0402_1005Metric_Pad0.72x0.64mm_HandSolder,68,smt
144.5,-20.5975,-90.0,top,R115,,,R_0402_1005Metric_Pad0.72x0.64mm_HandSolder,68,smt
142.0,-19.0975,-90.0,top,R116,,,R_0402_1005Metric_Pad0.72x0.64mm_HandSolder,68,smt
132.4125,-30.5,180.0,top,R117,,,R_0603_1608Metric_Pad0.98x0.95mm_HandSolder,150,smt
132.4125,-32.0,180.0,top,R118,,,R_0603_1608Metric_Pad0.98x0.95mm_HandSolder,150,smt
53.070101,-103.4125,90.0,top,R201,,,R_0603_1608Metric_Pad0.98x0.95mm_HandSolder,169K,smt
57.020101,-102.7975,90.0,top,R202,,,R_0402_1005Metric_Pad0.72x0.64mm_HandSolder,49.9,smt
57.270101,-97.3425,-90.0,top,R203,,,R_0603_1608Metric_Pad0.98x0.95mm_HandSolder,100K,smt
52.470101,-98.7725,-90.0,top,R204,,,R_0603_1608Metric_Pad0.98x0.95mm_HandSolder,36.1K,smt
54.820101,-102.7125,90.0,top,R205,,,R_0603_1608Metric_Pad0.98x0.95mm_HandSolder,383K,smt
54.857601,-96.975,0.0,top,R206,,,R_0603_1608Metric_Pad0.98x0.95mm_HandSolder,20K,smt
50.860101,-98.7825,-90.0,top,R207,,,R_0603_1608Metric_Pad0.98x0.95mm_HandSolder,52.3K,smt
42.5875,-57.5,180.0,top,R208,,,R_0603_1608Metric_Pad0.98x0.95mm_HandSolder,169K,smt
40.9975,-54.1,180.0,top,R209,,,R_0402_1005Metric_Pad0.72x0.64mm_HandSolder,49.9,smt
36.5125,-51.7,0.0,top,R210,,,R_0603_1608Metric_Pad0.98x0.95mm_HandSolder,100K,smt
36.9125,-57.5,0.0,top,R211,,,R_0603_1608Metric_Pad0.98x0.95mm_HandSolder,36.1K,smt
41.1825,-55.3,180.0,top,R212,,,R_0603_1608Metric_Pad0.98x0.95mm_HandSolder,383K,smt
36.2,-54.3875,90.0,top,R213,,,R_0603_1608Metric_Pad0.98x0.95mm_HandSolder,20K,smt
36.9125,-59.0,0.0,top,R214,,,R_0603_1608Metric_Pad0.98x0.95mm_HandSolder,52.3K,smt
44.6793,-67.645,180.0,top,R215,,,R_0603_1608Metric_Pad0.98x0.95mm_HandSolder,10.2K,smt
44.4543,-74.045,180.0,top,R216,,,R_0603_1608Metric_Pad0.98x0.95mm_HandSolder,88.7K,smt
44.6543,-66.045,180.0,top,R217,,,R_0603_1608Metric_Pad0.98x0.95mm_HandSolder,31.2K,smt
44.4543,-75.545,180.0,top,R218,,,R_0603_1608Metric_Pad0.98x0.95mm_HandSolder,511K,smt
44.3643,-64.045,180.0,top,R219,,,R_0402_1005Metric_Pad0.72x0.64mm_HandSolder,49.9,smt
75.0,-140.5975,-90.0,top,R301,,,R_0402_1005Metric_Pad0.72x0.64mm_HandSolder,100K,smt
92.5,-140.5975,-90.0,top,R302,,,R_0402_1005Metric_Pad0.72x0.64mm_HandSolder,100K,smt
110.0,-140.5975,-90.0,top,R303,,,R_0402_1005Metric_Pad0.72x0.64mm_HandSolder,100K,smt
127.5,-140.5975,-90.0,top,R304,,,R_0402_1005Metric_Pad0.72x0.64mm_HandSolder,100K,smt
70.0,-140.0975,-90.0,top,R305,,,R_0402_1005Metric_Pad0.72x0.64mm_HandSolder,68,smt
87.5,-140.0975,-90.0,top,R306,,,R_0402_1005Metric_Pad0.72x0.64mm_HandSolder,68,smt
105.0,-140.0975,-90.0,top,R307,,,R_0402_1005Metric_Pad0.72x0.64mm_HandSolder,68,smt
122.5,-140.0975,-90.0,top,R308,,,R_0402_1005Metric_Pad0.72x0.64mm_HandSolder,68,smt
164.5,-140.5,-90.0,top,R309,,,R_0402_1005Metric_Pad0.72x0.64mm_HandSolder,100K,smt
181.5,-140.5975,-90.0,top,R310,,,R_0402_1005Metric_Pad0.72x0.64mm_HandSolder,100K,smt
198.5,-140.5975,-90.0,top,R311,,,R_0402_1005Metric_Pad0.72x0.64mm_HandSolder,100K,smt
159.5,-139.5975,-90.0,top,R312,,,R_0402_1005Metric_Pad0.72x0.64mm_HandSolder,68,smt
176.5,-139.5975,-90.0,top,R313,,,R_0402_1005Metric_Pad0.72x0.64mm_HandSolder,68,smt
193.5,-139.5975,-90.0,top,R314,,,R_0402_1005Metric_Pad0.72x0.64mm_HandSolder,68,smt
170.0,-36.14,-90.0,top,U101,,,ESP32-S2-DevKitM,ESP32-S2-DevKitM,tht
38.0,-154.0,90.0,top,U102,,,Battery Input,BATT,tht
54.820101,-94.0,90.0,top,U201,,,RPA0010A-MFG,TPS56A37RPAR,smt
32.989998,-55.199999,180.0,top,U202,,,RPA0010A-MFG,TPS56A37RPAR,smt
48.116989,-69.7473,90.0,top,U203,,,SOT-5X3-8_DRL_TEX,TPS62933DRLR,smt
72.5,-144.200001,0.0,top,U301,,,RYJ0016A-MFG,DRV8244SQRYJRQ1,smt
90.0,-144.200001,0.0,top,U302,,,RYJ0016A-MFG,DRV8244SQRYJRQ1,smt
107.5,-144.200001,0.0,top,U303,,,RYJ0016A-MFG,DRV8244SQRYJRQ1,smt
125.0,-144.200001,0.0,top,U304,,,RYJ0016A-MFG,DRV8244SQRYJRQ1,smt
162.0,-143.700001,0.0,top,U305,,,RYJ0016A-MFG,DRV8244SQRYJRQ1,smt
179.0,-143.700001,0.0,top,U306,,,RYJ0016A-MFG,DRV8244SQRYJRQ1,smt
196.0,-143.700001,0.0,top,U307,,,RYJ0016A-MFG,DRV8244SQRYJRQ1,smt
